display_name,stub,dropdown_parent
Home,,/
It Happened In Hartford,,
It Happened In Hartford,it-happened-in-hartford,It Happened In Hartford
Digital Exhibition,digital-exhibition,It Happened In Hartford
History Around Hartford,history-around-hartford,It Happened In Hartford
Your Twain House Story,your-twain-house-story,It Happened In Hartford
It Happened In Your Town,,
Get Involved,/getinvolved.html,It Happened In Your Town
Explore,,
Browse,/browse.html,Explore
Map,/map.html,Explore
Timeline,/timeline.html,Explore
Subjects,/subjects.html,Explore
Tree Map,/tree.html,Explore
About MTH&M,/about-house-and-museum.html,